
/* 7110eda4d09e062aa5e4a390b0a572ac0d2c0220 : hash de '1234' */

INSERT INTO CATEGORIES (IDCAT,NOMC) VALUE (1,"Moyens de transports");
INSERT INTO CATEGORIES (IDCAT,NOMC) VALUE (2,"Jeux random");
INSERT INTO CATEGORIES (IDCAT,NOMC) VALUE (3,"Jeux electroniques");

INSERT INTO COMPTES (IDCOMPTE,PRENOMCOMPTE,NOMCOMPTE,PASSWORDCOMPTE) VALUE (1,"Julien","BOUVET","7110eda4d09e062aa5e4a390b0a572ac0d2c0220"); 
INSERT INTO COMPTES (IDCOMPTE,PRENOMCOMPTE,NOMCOMPTE,PASSWORDCOMPTE) VALUE (2,"Jean","KEVIN","7110eda4d09e062aa5e4a390b0a572ac0d2c0220");
INSERT INTO COMPTES (IDCOMPTE,PRENOMCOMPTE,NOMCOMPTE,PASSWORDCOMPTE) VALUE (3,"Jean","PIERRE","7110eda4d09e062aa5e4a390b0a572ac0d2c0220");

INSERT INTO MP (IDMP,IDCOMPTESRC,IDCOMPTEDST,DATEANDTIME,OBJET,CONTENT) VALUE (1,2,1,"2018-11-15 10:15","Salut","Wesh poto bien ou bien?");
INSERT INTO MP (IDMP,IDCOMPTESRC,IDCOMPTEDST,DATEANDTIME,OBJET,CONTENT) VALUE (2,2,1,"2018-11-15 15:45","gratuit","Tu peut me donner un jeux gratuit stp?");

INSERT INTO JOUETS (IDJ,IDCAT,NOMJ,IDCOMPTE,DESCRIPTION,STATUT) VALUE (1,1,"avion",1,"Un avion","public");
INSERT INTO JOUETS (IDJ,IDCAT,NOMJ,IDCOMPTE,DESCRIPTION,STATUT) VALUE (2,2,"sniper playmobile",1,"Un jeux grand public","public");
INSERT INTO JOUETS (IDJ,IDCAT,NOMJ,IDCOMPTE,DESCRIPTION,STATUT) VALUE (3,3,"PC GAMER",1,"Un PC GAMER","prive");
INSERT INTO JOUETS (IDJ,IDCAT,NOMJ,IDCOMPTE,DESCRIPTION,STATUT) VALUE (4,1,"Helicopter de combat",2,"Un jeux pour toute la famille","public");
INSERT INTO JOUETS (IDJ,IDCAT,NOMJ,IDCOMPTE,DESCRIPTION,STATUT) VALUE (5,2,"legos",2,"Legos","public");
INSERT INTO JOUETS (IDJ,IDCAT,NOMJ,IDCOMPTE,DESCRIPTION,STATUT) VALUE (6,3,"PS4",2,"la PS4","prive");

